{"cameraMode":{"drawMode":0,"name":"Shaded","section":"Shading Mode"},"sceneLighting":true,"audioPlay":false,"sceneViewState":{"m_AlwaysRefresh":false,"showFog":true,"showSkybox":true,"showFlares":true,"showImageEffects":true,"showParticleSystems":true,"showVisualEffectGraphs":true,"m_FxEnabled":true},"in2DMode":false,"pivot":{"x":12.74528980255127,"y":368.9655456542969,"z":8.787654876708985},"rotation":{"x":0.11646772921085358,"y":0.09784223139286041,"z":-0.011516861617565155,"w":0.9882591962814331},"size":22.40816879272461,"orthographic":false}